document_id,title,uploaded_at
f8f82fe0-8e1c-448a-a4c7-988ca9256b5a,[1] Cognitive Functions - Optimistic vs Pessimistic - Foundation,2025-10-25 02:33 PM
7c27e2e7-ad22-4c29-a25b-c511cbde51dd,[1] Jungian Personality Types - Introduction - Foundation,2025-10-25 02:33 PM
48634aad-f696-41c1-95e8-c6729f8c1524,[1] Cognitive Functions - How They Work - Foundation,2025-10-25 02:33 PM
823fbd4a-274a-4db3-b665-c0b0b12243f2,[1] Extraverted Feeling Fe - Individual Function - Foundation,2025-10-25 02:33 PM
28a1d0b9-3b98-4227-887a-3b75718dda3e,[1] Four Sides of the Mind - Introduction - Foundation,2025-10-25 02:33 PM
dacf3c93-b36a-4a22-974d-3e30b44616eb,[1] Cognitive Axis - Explanation - Foundation,2025-10-25 02:33 PM
4bf8fcf6-6672-4244-a971-0e45aaa1a9b5,[1] Cognitive Transitions - Impact on Four Sides - Foundation,2025-10-25 02:33 PM
47648c03-c575-4856-8aa8-dd452255c3ca,[1] Eight Cognitive Spectra - Overview - Foundation,2025-10-25 02:34 PM
698a295a-b8ea-45d9-9a47-1ee05383f3ca,[1] Functional Emulation - Social Engineering - Foundation,2025-10-25 02:34 PM
be4ab356-f3b8-49ac-b460-ddf4fb325e22,[1] Introverted Sensing Si - Individual Function - Foundation,2025-10-25 02:34 PM
a2297710-6f69-4fa6-8562-4199da8b506d,[1] Extraverted Sensing Se - Individual Function - Foundation,2025-10-25 02:34 PM
ef51f8b4-2a6c-49eb-bf63-e616da6db364,[1] Introverted Intuition Ni - Individual Function - Foundation,2025-10-25 02:34 PM
2776f175-6abe-48b9-81ba-0c046015394d,[1] Extraverted Thinking Te - Individual Function - Foundation,2025-10-25 02:34 PM
1d9018cd-aa2e-4b71-bf75-64282b852850,[1] Extraverted Intuition Ne - Individual Function - Foundation,2025-10-25 02:34 PM
f7fac420-1906-449c-a42b-96408c20a80f,[1] Introverted Feeling Fi - Individual Function - Foundation,2025-10-25 02:34 PM
84a8ebbb-e983-4dbd-924c-36e1764d790f,[1] Introverted Thinking Ti - Individual Function - Foundation,2025-10-25 02:34 PM
7da7b48b-e6ac-41b8-a420-1c9c76d73301,[2] Interaction Styles - Social Moratoriums Impact - All Types,2025-10-25 02:37 PM
a33ab235-7052-48c0-bc76-1acf6ad4de28,[2] Type Grid - How To Type Anyone - Practical Guide,2025-10-25 02:37 PM
d29b2c61-b6a5-4ca2-9f31-324918833af5,[2] Communication Styles - Finisher Types - Framework - ISTJ ISTP INTJ INFJ,2025-10-25 02:37 PM
aed208e3-92e1-47ba-af60-31a82dd18011,[2] Temperaments - NT Intellectuals - Framework - ENTJ ENTP INTJ INTP,2025-10-25 02:37 PM
4ba045f0-c06f-4a33-aad6-53ceedb19414,[2] Interaction Styles - Structure In Charge - Framework - ESTJ ESTP ENTJ ENFJ,2025-10-25 02:37 PM
d119f2fb-d251-4e8e-8bde-e08bf55cff75,[2] Interaction Styles - Starters Get Things Going - Framework - ESFJ ESFP ENTP ENFP,2025-10-25 02:37 PM
ce29080b-408a-464e-b432-cf7d073080d1,[2] Temperaments - SP Artisans - Framework - ESTP ESFP ISTP ISFP,2025-10-25 02:37 PM
68ca3b89-d6ae-4dd2-bab2-7b3502da87e6,[2] Temperaments - NF Idealists - Framework - ENFJ ENFP INFJ INFP,2025-10-25 02:37 PM
598e58fe-b0bd-445c-bcec-73d9cbeb8ee2,[2] Communication Styles - Background Types - Framework - ISFJ ISFP INTP INFP,2025-10-25 02:37 PM
d2c2cfbb-6464-41a4-aa6e-097566e757ce,[2] Temperaments - SJ Guardians - Framework - ESTJ ESFJ ISTJ ISFJ,2025-10-25 02:37 PM
7d54b52e-2e2b-4f2b-8038-99594cb40f05,[2] MBTI Tests - Problems and Accuracy - Critical Analysis,2025-10-25 02:37 PM
19ca94ab-dfb0-4566-bea1-cfd784daf574,[3] ISFJ - Type Profile - The Knight,2025-10-25 02:38 PM
6c0c5308-a413-447f-b5b7-fa4900a71bde,[3] ESFP - Type Profile - The Duelist,2025-10-25 02:38 PM
5ca1c644-5a8b-4181-b9d2-5bdba777f4aa,[3] ESTP - Type Profile - The Gladiator,2025-10-25 02:38 PM
1a84b26b-0a67-418d-a4c8-4be6a5bfb12e,[3] ISTJ - Type Profile - The Archivist,2025-10-25 02:38 PM
5fb21877-38c4-4bf1-82a1-8a10ebe25fa8,[3] ENFP - Type Profile - The Bard,2025-10-25 02:38 PM
0cb38070-b6fd-49e5-8ce0-60922a79477f,[3] INTP - Type Profile - The Ardent,2025-10-25 02:38 PM
73f259f8-7e8e-4d80-830c-739ae9ec27f1,[3] INTJ - Type Profile - The Ranger,2025-10-25 02:38 PM
eea574af-f4d3-4788-8cdf-acbab1edb541,[3] INFP - Type Profile - The Mystic,2025-10-25 02:39 PM
b536aa37-bee7-45a5-9ce5-f68123751c27,[3] ESTJ - Type Profile - The Judicator,2025-10-25 02:39 PM
71ad9301-338a-49c2-8580-b92a95b60fed,[3] ENFJ - Type Profile - The Cleric,2025-10-25 02:39 PM
ccd084f4-9cb8-4a18-9315-280c65f701cf,[3] ISTP - Type Profile - The Artificer,2025-10-25 02:39 PM
b8ec1dd2-7f5d-48b0-9855-0614c12a84c6,[3] ENTP - Type Profile - The Rogue,2025-10-25 02:39 PM
b1b32abb-7b0c-4280-9aeb-cf739bd241dd,[3] ESFJ - Type Profile - The Cavalier,2025-10-25 02:39 PM
b43156b7-65eb-4362-a413-01f901323423,[3] INFJ - Type Profile - The Paladin,2025-10-25 02:39 PM
fad8f4a1-b970-4c98-8404-5b31778ecd0b,[3] ENTJ - Type Profile - The Marshal,2025-10-25 02:39 PM
66219981-a6aa-4575-9bcc-a7bd88349e07,[3] ISFP - Type Profile - The Druid,2025-10-25 02:40 PM
9fc0f657-a487-4e52-b81f-633e1bb9594b,[5] Cognitive Compatibility - Golden Rule - All Types,2025-10-25 02:40 PM
217f5148-42d5-4004-ab77-7d5655c7f610,[5] Cognitive Synchronicity - Si vs Se - Sensing Axis,2025-10-25 02:40 PM
c425063e-50ce-465c-89b4-40f4bc1723bd,[5] Cognitive Synchronicity - Ni vs Ne - Intuition Axis,2025-10-25 02:40 PM
3fdf2cbd-0aa8-4753-8062-689a5b4724a7,[5] Cognitive Synchronicity - Ti vs Te - Thinking Axis,2025-10-25 02:40 PM
e4c0c91a-7519-4a8b-958b-799ebf00bcc9,[5] Cognitive Synchronicity - Fi vs Fe - Feeling Axis,2025-10-25 02:40 PM
72cc0e61-2d5d-4dc1-8534-47227d489581,[7.1] ENFJ - Virtue and Vice - Benevolence vs Cruelty,2025-10-25 02:41 PM
862f4dc0-4776-4caa-9e08-34762dea4498,[7.1] ESTJ - Virtue and Vice - Serenity vs Chaos,2025-10-25 02:41 PM
3acc9b9e-bf17-4db5-a3d7-55b9faa8d2a2,[7.1] ISTJ - Virtue and Vice - Objectivity vs The Trivial,2025-10-25 02:41 PM
6378b206-b983-4d49-be8c-6d806788639a,[7.1] INTJ - Virtue and Vice - Trust vs Paranoia,2025-10-25 02:41 PM
42fc3767-628b-46d2-a158-c66174d6fe9c,[7.1] ESFJ - Virtue and Vice - Caregiving vs Caretaking,2025-10-25 02:41 PM
2ca3878f-9a52-47d7-9521-a377ec0bcc40,[7.1] ISTP - Virtue and Vice - Joy vs Melancholy,2025-10-25 02:41 PM
29bb87e4-1caa-4cbe-a937-7dcce0d8ed5c,[7.1] ESTP - Virtue and Vice - Chastity vs Nymphomania,2025-10-25 02:41 PM
19ac055b-54bc-4fb2-b5c3-a271d1a5649d,[7.1] INFP - Virtue and Vice - Loyalty vs Treachery,2025-10-25 02:41 PM
2a3bc6cb-f24e-4750-a614-6b031fa6d824,[7.1] ENTJ - Virtue and Vice - Altruism vs Avarice,2025-10-25 02:41 PM
11dee702-7fbc-459a-a7cb-2a989b9c3906,[7.1] ISFJ - Virtue and Vice - Faith vs Fear,2025-10-25 02:41 PM
ef845fb6-d74f-415c-a8ad-2fdf82ed5e6e,[7.1] INTP - Virtue and Vice - Attentiveness vs Apathy,2025-10-25 02:41 PM
aeaf0027-8058-4b2a-9643-7a00b728f88f,[7.1] ENTP - Virtue and Vice - Sincerity vs Insincerity,2025-10-25 02:41 PM
e56d70be-ac31-41db-b64a-669df4208d3e,[7.1] ISFP - Virtue and Vice - Diligence vs Idleness,2025-10-25 02:42 PM
1d9ae496-f145-4571-9716-1f81331f7562,[7.1] INFJ - Virtue and Vice - Integrity vs Corruption,2025-10-25 02:42 PM
41b83644-261d-43c6-91cb-8054ac48ee93,[7.1] ENFP - Virtue and Vice - Charity vs Depravity,2025-10-25 02:42 PM
7c3ac536-836f-4d2f-80ae-65c133a1d34f,[7.1] ESFP - Virtue and Vice - Delayed vs Instant Gratification,2025-10-25 02:42 PM
1eac9eae-261b-48e8-ad4b-c5cfdfc1a50e,[7.1] ISTP - Virtue and Vice - Joy vs Melancholy,2025-10-25 02:42 PM
6e61bed9-03c8-4203-a166-c441093549fd,[7.2] Deadly Sins - Gluttony - INTP and ESFJ,2025-10-25 02:43 PM
5201e48b-3be8-4767-a06c-fc318dbf6635,[7.2] Deadly Sins - Wrath - Soul Temple Types,2025-10-25 02:44 PM
d1d6b2ee-fb30-4b4f-b858-81bcf37f432a,[7.2] Deadly Sins - Power Obsession - ESTJ and INFP,2025-10-25 02:44 PM
2d86cdf1-45e4-4833-bf4c-e694ffc80f50,[7.2] Deadly Sins - Pride - ENFJ and ISTP,2025-10-25 02:44 PM
0da499f2-0380-4169-a454-cc10bdff6809,[7.2] Deadly Sins - Overview - All Types,2025-10-25 02:44 PM
c0bc282a-69f0-419b-8fce-67c7fedb70b2,[7.2] Deadly Sins - Lust - INFJ and ESTP,2025-10-25 02:44 PM
8e39b916-690e-49b8-92d7-3f32ba041d58,[7.2] Deadly Sins - Vainglory - ESFP and INTJ,2025-10-25 02:46 PM
6cfe939d-7659-4f3d-85f5-37e410e84a66,[7.2] Deadly Sins - Greed - ISFP and ENTJ,2025-10-25 02:46 PM
25665a91-4b61-4ca9-8411-f99325f8d783,[7.2] Deadly Sins - Envy - ENTP and ISFJ,2025-10-25 02:47 PM
62e3c31f-529c-4e2a-9ecc-3cd21af25401,[8] Type Comparison - ENFJ vs ENFP - Same Functions Different Order,2025-10-25 02:47 PM
49422f63-abf7-43b2-80ce-b8f5ea41e771,[8] Type Comparison - ENTJ vs ENTP - Same Functions Different Order,2025-10-25 02:47 PM
5c81008c-d61d-44a1-a01e-0cb37bdb1be2,[8] Type Comparison - INFJ vs INFP - Same Functions Different Order,2025-10-25 02:47 PM
d4e27b55-8992-4c98-a4ed-535c7ce40c52,[8] Type Comparison - ESFJ vs ESFP - Same Functions Different Order,2025-10-25 02:47 PM
27cc8f2e-ac17-4fbe-81c5-41043ea6f4ab,[8] Type Comparison - ESTJ vs ESTP - Same Functions Different Order,2025-10-25 02:47 PM
dc60a9d1-2fc9-47c1-aa6f-dc0a5db0966c,[8] Type Comparison - INTJ vs INTP - Same Functions Different Order,2025-10-25 02:47 PM
f2bf4e4f-2bcb-49b0-a9b7-7aec56ee8216,[8] Type Comparison - ISFJ vs ISFP - Same Functions Different Order,2025-10-25 02:47 PM
8b265689-00a9-4339-bf1b-a1303f3ce0b4,[8] Type Comparison - ISTJ vs ISTP - Same Functions Different Order,2025-10-25 02:48 PM
3c0f5867-2d72-45f7-8691-bbe81c3b42af,[9] Type Comparison - ENTJ vs INTJ - Extravert vs Introvert,2025-10-25 02:49 PM
4cdbca7b-f872-4000-8343-1341e977af4f,[9] Type Comparison - ESFJ vs ISFJ - Extravert vs Introvert,2025-10-25 02:49 PM
8c9ccf65-458d-48a5-94c8-9b43b62a8c48,[9] Type Comparison - ENTP vs INTP - Extravert vs Introvert,2025-10-25 02:49 PM
1a42a4ef-7ecd-44c9-9a43-b31f8341274d,[9] Type Comparison - ESTJ vs ISTJ - Extravert vs Introvert,2025-10-25 02:49 PM
0f12b21d-9d0c-401e-8311-2cf93b0a8bc0,[9] Type Comparison - ENFP vs INFP - Extravert vs Introvert,2025-10-25 02:49 PM
edf26a59-b894-425f-852d-f45c0563f2cb,[9] Type Comparison - ESFP vs ISFP - Extravert vs Introvert,2025-10-25 02:49 PM
461ead41-c7c3-4d62-8986-44532624ae6b,[9] Type Comparison - ESTP vs ISTP - Extravert vs Introvert,2025-10-25 02:49 PM
01c839b8-8578-4b96-86f4-3cd70035d70f,[9] Type Comparison - INFJ vs ENFJ - Introvert vs Extravert,2025-10-25 02:50 PM
d57ca8d4-60d8-492e-81ad-146ca8064c77,[10] Type Comparison - INTJ vs INFJ - Thinking vs Feeling,2025-10-25 02:50 PM
564f7e92-f4d6-48cc-9501-4202553495d3,[10] Type Comparison - ESTP vs ESFP - Thinking vs Feeling,2025-10-25 02:50 PM
7a4cb255-0cab-482a-bf7a-8bfbd7d8ba41,[10] Type Comparison - ENTJ vs ENFJ - Thinking vs Feeling,2025-10-25 02:50 PM
a87fa412-8dbb-48b4-a00b-f88892eaaed7,[10] Type Comparison - ESTJ vs ESFJ - Thinking vs Feeling,2025-10-25 02:51 PM
52110a7f-f9ec-4dbc-9c7e-efc1e16af35f,[10] Type Comparison - INTP vs INFP - Thinking vs Feeling,2025-10-25 02:51 PM
3ebf34ca-9e18-4ed8-934b-987f31aef13b,[10] Type Comparison - ISTJ vs ISFJ - Thinking vs Feeling,2025-10-25 02:51 PM
0d96bdd4-443e-494e-9e51-4d4269a4bcf6,[10] Type Comparison - ISTP vs ISFP - Thinking vs Feeling,2025-10-25 02:51 PM
3eb4dd5b-d1d6-4de6-99b2-9e4b6eed7ad1,[10] Type Comparison - ENTP vs ENFP - Thinking vs Feeling,2025-10-25 02:51 PM
9af603c9-f3ef-49aa-a6e3-655dbf245d70,[11] Type Comparison - ESTJ vs ENTJ - Sensing vs Intuition,2025-10-25 02:52 PM
032a5bf3-1356-4311-8fa5-bb75fc09a963,[11] Type Comparison - ESTP vs ENTP - Sensing vs Intuition,2025-10-25 02:52 PM
0cfcae2e-531d-4aad-a5f4-b5bde204407f,[11] Type Comparison - ESFJ vs ENFJ - Sensing vs Intuition,2025-10-25 02:52 PM
e5867e28-be98-47ee-82ec-8319d8280d30,[11] Type Comparison - ESFP vs ENFP - Sensing vs Intuition,2025-10-25 02:55 PM
3cc8f0bc-8a3a-4c57-9db1-af74e3ca776c,[11] Type Comparison - ISTP vs INTP - Sensing vs Intuition,2025-10-25 02:55 PM
3cf7c0ea-a2fc-4e95-9959-72fd9fd9c802,[11] Type Comparison - ISFP vs INFP - Sensing vs Intuition,2025-10-25 02:55 PM
cdf9172f-2bf0-4b2e-8a9a-127886f366dc,[11] Type Comparison - ISTJ vs INTJ - Sensing vs Intuition,2025-10-25 02:55 PM
a540601f-1c67-4756-a7a5-75f656186590,[11] Type Comparison - ISFJ vs INFJ - Sensing vs Intuition,2025-10-25 02:55 PM
fa011c75-3373-4a42-8b32-b566eb8822a8,[12.1] ESTP - Social Compatibility - Compatible Types,2025-10-25 02:56 PM
b2ed6df2-8a5d-4049-8c0d-4737c943a495,[12.1] ENFJ - Social Compatibility - Compatible Types,2025-10-25 02:56 PM
b8627b04-06cd-4885-b57b-3cc249ed0c4d,[12.1] INFJ - Social Compatibility - Compatible Types,2025-10-25 02:56 PM
38cdd735-a3e9-4c1d-98dc-ddc11db14ea5,[12.1] INTJ - Social Compatibility - Compatible Types,2025-10-25 02:56 PM
0d98170b-6745-424b-be1c-d5aca5756d0d,[12.1] ESTJ - Social Compatibility - Compatible Types,2025-10-25 02:56 PM
e9730a73-0ec9-44e6-8e08-db773b12292b,[12.1] ISTP - Social Compatibility - Compatible Types,2025-10-25 02:57 PM
c84a6851-bde1-4644-8ac1-71a5220c9dd2,[12.1] ISTJ - Social Compatibility - Compatible Types,2025-10-25 02:57 PM
c2c20473-5d34-418a-9fab-bd8295be5dc7,[12.1] ISFP - Social Compatibility - Compatible Types,2025-10-25 02:57 PM
e9ed27bd-ac8d-4e25-88d0-b7af0ca8ba4a,[12.1] ENFP - Social Compatibility - Compatible Types,2025-10-25 02:57 PM
f01e7831-beb8-413d-b2de-41636f97287c,[12.1] ENTP - Social Compatibility - Compatible Types,2025-10-25 02:57 PM
618e892d-2e01-4245-b1dc-3bcf1f7d8f3a,[12.1] INFP - Social Compatibility - Compatible Types,2025-10-25 02:57 PM
b79c6e6a-81a3-4a00-8d57-bb884555adb7,[12.1] ESFP - Social Compatibility - Compatible Types,2025-10-25 02:57 PM
7f128053-3bb5-4685-815e-7022b0ed24ba,[12.1] INTP - Social Compatibility - Compatible Types,2025-10-25 02:57 PM
c7f3fb8c-cbad-4c45-96ad-3f5b37835265,[12.1] ESFJ - Social Compatibility - Compatible Types,2025-10-25 02:58 PM
62beb697-0fd7-403c-af60-29636a1eb89e,[12.1] ISFJ - Social Compatibility - Compatible Types,2025-10-25 02:58 PM
2a8bef93-36ff-43bf-943c-1d4ab236ed06,[12.1] ENTJ - Social Compatibility - Compatible Types,2025-10-25 02:58 PM
fa1ef53f-e027-4027-94a6-3945d0b3abac,[12.2] ISFJ - Social Skills Optimization - Practical Guide,2025-10-25 02:58 PM
407d79fd-c489-4796-b232-4c86916577f8,[12.2] ESTP - Social Skills Optimization - Practical Guide,2025-10-25 02:58 PM
f317d59f-67de-41fe-bcd9-57681708598f,[12.2] INFP - Social Skills Optimization - Practical Guide,2025-10-25 02:59 PM
f4d96892-3f53-4cfe-a6e4-a270e2299fed,[12.2] INTJ - Social Skills Optimization - Practical Guide,2025-10-25 02:59 PM
a11a4a36-8a6b-426b-8a1b-e439525bca37,[12.2] ENFJ - Social Skills Optimization - Practical Guide,2025-10-25 02:59 PM
e678bcbc-ca7e-43ff-b276-7859cb2a4147,[12.2] INTP - Social Skills Optimization - Practical Guide,2025-10-25 02:59 PM
b3da1581-4de2-43ff-a9d0-fb39493d82d1,[12.2] ENTJ - Social Skills Optimization - Practical Guide,2025-10-25 02:59 PM
78b91ce0-9874-4e7f-b49f-346abeb028a7,[12.2] ISTP - Social Skills Optimization - Practical Guide,2025-10-25 02:59 PM
02aca22e-e19b-46dd-881d-98b1415d6a59,[12.2] INFJ - Social Skills Optimization - Practical Guide,2025-10-25 02:59 PM
75d22984-ff40-4dd5-a208-933865abe791,[12.2] ENFP - Social Skills Optimization - Practical Guide,2025-10-25 02:59 PM
b2d1b873-e2bd-4c89-8d73-56e0d2595886,[12.2] ENTP - Social Skills Optimization - Practical Guide,2025-10-25 03:00 PM
a0cdcee9-c8fe-4bb7-bf10-1726e7d1807c,[12.2] ESFJ - Social Skills Optimization - Practical Guide,2025-10-25 03:00 PM
a43a7de6-ae25-4881-9ac3-d2bc8ffd3fa4,[12.2] ESFP - Social Skills Optimization - Practical Guide,2025-10-25 03:00 PM
29f84866-01a4-487e-a2dc-f27f682e5048,[12.2] ISTJ - Social Skills Optimization - Practical Guide,2025-10-25 03:00 PM
73de0943-6d6a-4364-bfe3-f3942ab55d57,[12.2] ESTJ - Social Skills Optimization - Practical Guide,2025-10-25 03:00 PM
3f740914-cb96-4a31-adb8-eede3a193344,[12.2] ESTP - Social Skills Optimization - Practical Guide,2025-10-25 03:03 PM
228919dc-8618-461e-8509-7198931b9d55,[14.1] Relationship Dynamics - ESTP and ISTJ - Golden Pair,2025-10-25 03:03 PM
6fce1bfa-9b6a-4dd0-a188-6ee5962824c0,[14.1] Relationship Dynamics - ENFP and INFJ - Golden Pair,2025-10-25 03:03 PM
3f3e3be1-217c-4089-a0f5-1d461ac45f1b,[14.1] Relationship Dynamics - ESFP and ISFJ - Golden Pair,2025-10-25 03:03 PM
0cdb6844-c0f6-4831-8f54-3cd981a89ab6,[14.1] Relationship Dynamics - ENTP and INTJ - Golden Pair,2025-10-25 03:04 PM
2df00481-6eb3-4ed0-85f9-a74f5373ffc3,[14.1] Relationship Dynamics - ESFJ and ISFP - Golden Pair,2025-10-25 03:04 PM
30d0befa-07fe-4eaf-aa5b-6c04bfdee925,[14.1] Relationship Dynamics - ENTJ and INTP - Golden Pair,2025-10-25 03:04 PM
787588f6-1347-457f-ac44-5cad5401a258,[14.1] Relationship Dynamics - ENFJ and INFP - Golden Pair,2025-10-25 03:04 PM
ae640d3b-ce30-4519-9b1e-3f53f2ea7b05,[14.1] Relationship Dynamics - ESTJ and ISTP - Golden Pair,2025-10-25 03:04 PM
0eafcf97-795b-49b5-b95f-8e7ce778f83f,[14.2] Relationship Dynamics - ENFJ and INTP - Pedagogue Pair,2025-10-25 03:05 PM
0f336497-d51a-440a-8319-818a99b6177e,[14.2] Relationship Dynamics - ESFJ and ISTP - Pedagogue Pair,2025-10-25 03:05 PM
18e95f56-e026-4ece-9e7d-20d0ae03e5d1,[14.2] Relationship Dynamics - ESTJ and ISFP - Pedagogue Pair,2025-10-25 03:05 PM
dd431fab-9103-4704-bc69-eca544a805bc,Season 14.2 - Pedagogue Pairs - ESFP & ISTJ_enhanced.pdf,2025-10-25 03:05 PM
0704b4ed-7890-40cd-b918-ea2c058412ac,[14.2] Relationship Dynamics - ESFP and ISTJ - Pedagogue Pair,2025-10-25 03:05 PM
fe11b313-f05a-4e81-8a12-fe744e793b5c,[14.2] Relationship Dynamics - ENFP and INTJ - Pedagogue Pair,2025-10-25 03:05 PM
49b50fec-e96b-42ac-befb-0a2e73bb6140,[14.2] Relationship Dynamics - ENTP and INFJ - Pedagogue Pair,2025-10-25 03:05 PM
8d4a6a25-7ab4-4351-a62b-2656613e2b43,[14.2] Relationship Dynamics - ESTP and ISFJ - Pedagogue Pair,2025-10-25 03:05 PM
b9ddb9dd-2f8a-489c-a323-afa40eaedd23,[14.3] Relationship Dynamics - ENFP and ISTP - Bronze Pair,2025-10-25 03:06 PM
85cd1a5e-cf8a-4115-9ffb-8fbf86d7d1c6,[14.3] Relationship Dynamics - ENTJ and ISFJ - Bronze Pair,2025-10-25 03:06 PM
2c04bbc2-12f0-431f-a735-23907aa92827,[14.3] Relationship Dynamics - ESTJ and INFJ - Bronze Pair,2025-10-25 03:06 PM
af1e6580-dbf5-4fea-bc88-67b293ced122,[14.3] Relationship Dynamics - ESTP and INFP - Bronze Pair,2025-10-25 03:06 PM
9e5bda57-b052-47bc-a9b2-aec14a10d316,[14.3] Relationship Dynamics - ESFP and INTP - Bronze Pair,2025-10-25 03:07 PM
2c953c1d-3882-473f-bd7b-04ffab86e10c,[14.3] Relationship Dynamics - ESFJ and INTJ - Bronze Pair,2025-10-25 03:07 PM
dfab992f-58df-43f5-9036-0638911a8a18,[14.3] Relationship Dynamics - ENFJ and ISTJ - Bronze Pair,2025-10-25 03:07 PM
e71187b7-cbc3-412c-a217-c2c3c692fd46,[14.3] Relationship Dynamics - ENTP and ISFP - Bronze Pair,2025-10-25 03:07 PM
ce2b97f3-5fee-4904-ab27-b5a4805eb790,[14.4] Relationship Dynamics - ESFJ and INTP - Dyad Pair Duality,2025-10-25 03:08 PM
573f9dab-cb3d-492c-bee7-998ee0fdf10d,[14.4] Relationship Dynamics - ESTP and INFJ - Dyad Pair Duality,2025-10-25 03:08 PM
054f4117-f83b-41bc-a98b-195319fc4361,[14.4] Relationship Dynamics - ENTJ and ISFP - Dyad Pair Duality,2025-10-25 03:08 PM
3a8b40af-a981-4a70-a106-2feaee8d73cd,[14.4] Relationship Dynamics - ENFJ and ISTP - Dyad Pair Duality,2025-10-25 03:08 PM
80f37a9f-1f95-46d8-ab4b-eaafb6d2e0ef,[14.4] Relationship Dynamics - ESTJ and INFP - Dyad Pair Duality,2025-10-25 03:08 PM
1e5d992a-fbe0-4a28-bb58-ccf0f71be4be,[14.4] Socionics - CSJ Perspective - Framework Discussion,2025-10-25 03:08 PM
e2bd475e-7e5e-4c8d-8da6-da3a4f0cf833,[14.4] Relationship Dynamics - ENTP and ISFJ - Dyad Pair Duality,2025-10-25 03:08 PM
b879d2f2-abb5-4ef0-9156-f2fb2947e414,[15] Temperament Matrix - Framework Overview - All Types,2025-10-25 03:09 PM
9ddc927f-d9f2-48e1-baca-7d11e4006422,[15] Temperament Matrix - Affiliative vs Pragmatic - Comparison,2025-10-25 03:09 PM
9b30e7f0-7f92-407f-8a6f-9e6976d54694,[15] Typing Methodology - Preventing Mistyping - Practical Guide,2025-10-25 03:09 PM
96bae641-a346-403d-a7ce-4bbdfae1c0ed,[15] Type Grid - Usage Guide - Practical Application,2025-10-25 03:09 PM
2e1b7f26-5f47-4f9c-8b45-42baae2e83ba,[15] Communication Styles - Direct vs Informative - Comparison,2025-10-25 03:09 PM
b547f78d-ece8-4790-8fb2-48830471da59,[15] Temperament Matrix - Systematic vs Interest - Comparison,2025-10-25 03:09 PM
1d7696de-a4e4-4446-8471-ba7981ed4696,[15] Interaction Styles - Initiating vs Responding - Comparison,2025-10-25 03:09 PM
5513fc67-3cf6-486e-9c92-75d9320824f4,[15] Interaction Styles and Temperaments - Introduction - All Types,2025-10-25 03:09 PM
552c5a77-11fd-4b07-a758-b925802aaa76,[15] Interaction Styles - Control vs Movement - Comparison,2025-10-25 03:09 PM
b39bf7da-5f80-4f36-8b56-1eaa607b5b22,[15] Temperament Matrix - Abstract vs Concrete - Comparison,2025-10-25 03:09 PM
c5723624-91e2-4a6e-9983-44147c8f8b3d,[15] MBTI Letters - Critical Analysis - Debunking Dichotomies,2025-10-25 03:09 PM
b592cf69-0e95-48e0-b226-0a0e6b4c009e,[15] Ambiversion - Explanation - All Types,2025-10-25 03:09 PM
a09189e5-7958-438a-a3ba-53a12589cf1f,[16] Cognitive Attitudes - Parent Function - Advanced Framework,2025-10-25 03:10 PM
e725227c-bf7d-4c96-b4af-173d008eb4f9,[16] Cognitive Attitudes - Nemesis Function - Advanced Framework,2025-10-25 03:10 PM
dda90fa2-c5f7-4feb-9bc1-62b6665a45ed,[16] Cognitive Attitudes - Trickster Function - Advanced Framework,2025-10-25 03:10 PM
11e27c70-54af-48d8-aabd-594e7d40803d,[16] Cognitive Attitudes - Inferior Function - Advanced Framework,2025-10-25 03:10 PM
6e8eae28-dcad-4aaf-a8ae-cd4ba8d65950,[16] Cognitive Attitudes - Child Function - Advanced Framework,2025-10-25 03:10 PM
14a905d6-a851-4954-97ed-f6d24879996d,[16] Cognitive Attitudes - Demon Function - Advanced Framework,2025-10-25 03:10 PM
4b3b5fdf-76e0-4434-af2d-a46c1d419b7b,[16] Cognitive Attitudes - Hero Function - Advanced Framework,2025-10-25 03:10 PM
6f3ad554-bd38-4cff-9083-12e5a7bd1a8a,[16] Cognitive Attitudes - Critic Function - Advanced Framework,2025-10-25 03:10 PM
8fcc8df1-63a2-42af-87c0-82c917f23521,[17.1] Ego Side - Gateway Explanation - Four Sides Framework,2025-10-25 03:11 PM
e5ddaf38-0707-4445-9113-697214adfa28,[17.1] Superego Side - Gateway Explanation Part 1 - Four Sides Framework,2025-10-25 03:11 PM
4755f8ee-f3b4-46df-a3d6-0d33d285c4b9,[17.1] Four Sides of Mind - Impact and Application - All Types,2025-10-25 03:11 PM
14510aab-9c63-4b3c-a414-94c5936b55ed,[17.1] Four Sides of Mind - Manifestation - All Types,2025-10-25 03:11 PM
7a55446b-34cc-4a56-a2f0-b9fb4b6f9430,[17.1] Quadras - Typing Methodology - Practical Guide,2025-10-25 03:11 PM
3c981b55-86f8-4b42-8bcb-ce9c7f744ba0,[17.1] Psychological Prejudice - Open Letter - Discussion,2025-10-25 03:11 PM
73f371c6-f62b-4741-bad8-95298ef57753,[17.1] Cognitive Focus - Explanation - Advanced Framework,2025-10-25 03:11 PM
f510d82c-b07e-4b0e-80bd-d11c88b8cc14,[17.1] Unconscious Side - Gateway Explanation - Four Sides Framework,2025-10-25 03:18 PM
2c652530-9492-426d-a9f3-5babc8c539b1,[17.1] Quadras - Virtues and Vices - All Quadras,2025-10-25 03:18 PM
05330a31-b5d1-4958-b306-3683d1de0b15,[17.1] Gamma Quadra - Wayfarers - Framework - INTJ ENTJ ESFP ISFP,2025-10-25 03:20 PM
0ffb34d7-649e-4743-8c40-7309cc381160,[17.1] Beta Quadra - Templars - Framework - ESTP ISTP ENFJ INFJ,2025-10-25 03:20 PM
e78a3aec-8c76-40a5-abdb-604f59470940,[17.1] Parenting Solutions - Trauma and Development - Practical,2025-10-25 03:21 PM
05d6e7e3-f73d-4776-9a2f-642333c4b51f,[17.1] Delta Quadra - Philosophers - Framework - ESTJ ENFP ISTJ INFP,2025-10-25 03:21 PM
e620c116-4762-4e5c-95c5-138fc7c3ad5e,[17.1] Subconscious Side - Gateway Explanation - Four Sides Framework,2025-10-25 03:21 PM
5d22018c-81dd-4666-8337-a759846921f3,[17.1] Source of Cognition - Explanation - Advanced Framework,2025-10-25 03:21 PM
560a89b2-ffd2-4978-b4af-3ca047ffee84,[17.1] Superego Side - Gateway Explanation - Four Sides Framework,2025-10-25 03:21 PM
2d45dd5f-1e36-4309-8045-6d80c724ffae,[17.1] Alpha Quadra - Crusaders - Framework - ESFJ ENTP ISFJ INTP,2025-10-25 03:21 PM
f6fb1e26-e277-4f4c-8271-e8c8ee9dfb85,"[17.2] Delta Quadra - Philosopher Abusers - Relationship Dynamics - ESTJ, ISTJ, ENFP, INFP",2025-10-25 03:24 PM
0409109f-4e36-47c0-9335-e695ac764841,"[17.2] Alpha Quadra - Crusader Abusers - Relationship Dynamics - ENTP, INTP,ESFJ, ISFJ",2025-10-25 03:24 PM
c56ea5a9-3ab8-4e15-99d3-bdf5e6ded153,[17.2] Parenting Solutions - Positive Parenting - Practical,2025-10-25 03:24 PM
6f1e260b-ecd8-44e5-a16f-bbfc613e34f4,"[17.2] Beta Quadra - Templar Abusers - Relationship Dynamics - ESTP, ISTP, ENFJ, INFJ",2025-10-25 03:24 PM
a9772fe7-e52d-4c02-89e4-c7d4c9c60c60,"[17.2] Gamma Quadra - Wayfarer Abusers - Relationship Dynamics - INTJ, ENTJ, ISFP, ESFP",2025-10-25 03:24 PM
5ea7fd5d-d00b-4a0f-b5d3-31319bd866f7,[18] Octagram - Cognitive Development Framework - Advanced,2025-10-25 03:25 PM
4e73bdce-cc82-419a-9024-b8cdc10bb678,[18] Octagram - Cognitive Focus Mechanics - Advanced,2025-10-25 03:25 PM
e1b6343d-79eb-4054-9140-ce838884e85f,[18] Octagram Mechanics - Satisfaction and Reverence - Advanced,2025-10-25 03:25 PM
aecd533f-fece-44f1-ac66-d9b8638964e2,[18] Cognitive Orbit - Ti-Te Third Orbit - Advanced,2025-10-25 03:25 PM
cb5d078d-7c0b-4f2b-95c2-4f4f799850ce,[18] Cognitive Reflection - Se and Ne - Advanced,2025-10-25 03:25 PM
2023e19d-d142-4c34-bf15-fca8ee34acb9,[18] Octagram States - SD-UF Decay - Advanced Mechanics,2025-10-25 03:25 PM
e35e6016-8ef5-4e65-a44c-9e7e7e9ee55a,[18] Cognitive Reflection - Te and Fe - Advanced,2025-10-25 03:25 PM
c9d3a71f-d17e-48a9-bef6-f281ad04968c,[18] Octagram Mechanics - Purpose and Discovery - Advanced,2025-10-25 03:26 PM
58f57105-5a25-4f42-a0bc-99cc42e9e32e,[18] Cognitive Functions - Improvement Methods - Practical,2025-10-25 03:26 PM
fc4fa6bf-d3e9-48ad-8b4a-ee4ab45fb061,[18] Octagram Mechanics - Intimacy and Justification - Advanced,2025-10-25 03:26 PM
2020bf6f-7505-42d4-9aea-a42f5b434c61,[18] Cognitive Mechanics - Judgment System - Advanced,2025-10-25 03:26 PM
1ceb8a29-a99f-4520-8475-526670e342fb,[18] Cognitive Mechanics - Battlegrounds - Advanced,2025-10-25 03:26 PM
4df222e8-d550-4169-9439-5dbadb662c60,[18] Cognitive Reflection - Ti and Fi - Advanced,2025-10-25 03:26 PM
8170323a-7574-4899-8f18-e2cf3250cb2d,[18] Octagram States - UD-UF Despair - Advanced Mechanics,2025-10-25 03:26 PM
31d98781-0236-492b-a3ec-7c71b13a62d6,[18] Temple Wheels - Body Temple - Advanced Framework,2025-10-25 03:26 PM
8a0973ee-a155-4dae-a1ba-3f3b166363a4,[18] Cognitive Mechanics - Introduction - Advanced Framework,2025-10-25 03:26 PM
89efac59-88c1-45dc-9c97-4b6201287476,[18] Octagram States - UD-SF Hope - Advanced Mechanics,2025-10-25 03:26 PM
bf44a775-12bc-4f08-b777-3a6ec714f8a1,[18] Temple Wheels - Mind Temple - Advanced Framework,2025-10-25 03:26 PM
65edb5c2-aaab-428c-b299-cf86ae4d1b20,[18] Cognitive Axis - Ti-Fe Fourth Axis - Advanced,2025-10-25 03:26 PM
629aad01-89b9-4a47-a042-4daa7ea63634,[18] Cognitive Orbit - Si-Se First Orbit - Advanced,2025-10-25 03:27 PM
a018de7f-02a6-4d23-be38-fafb7df44bc9,[18] Cognitive Mechanics - Perception System - Advanced,2025-10-25 03:27 PM
a4ba25f1-2160-4ef6-9aa9-057d2f987e06,[18] Cognitive Axis - Ni-Se Fire and Wind - Advanced,2025-10-25 03:27 PM
8bc938c0-2f83-4a97-8219-346bc508892b,[18] Cognitive Orbit - Fi-Fe Fourth Orbit - Advanced,2025-10-25 03:27 PM
aa1d4cf7-bb5b-43be-be99-8564a1cd4eb2,[18] Cognitive Mechanics - IPOF Input Process Output Feedback Framework - Advanced,2025-10-25 03:27 PM
5983813b-57c6-4e25-886c-e450dfaf32bd,[18] Temple Wheels - Heart Temple - Advanced Framework,2025-10-25 03:27 PM
473515aa-4d64-433d-8c77-1f0130432bae,[18] Cognitive Orbit - Ni-Ne Second Orbit - Advanced,2025-10-25 03:27 PM
14bc4beb-a544-4632-9c44-848f5f29790d,[18] God Functions - Explanation - Advanced Framework,2025-10-25 03:27 PM
4a371ca5-7c44-42e7-80de-ab966d49dda5,[18] Cognitive Axis - Si-Se Earth and Water - Advanced,2025-10-25 03:27 PM
11835986-815e-415f-bebd-a160b7d82a06,[18] Octagram Mechanics - Validation and Authority - Advanced,2025-10-25 03:27 PM
4c21263b-254f-439c-8edf-c86c9df9cc25,[18] Cognitive Reflection - Si and Ni - Advanced,2025-10-25 03:28 PM
4ebbba45-4607-4b78-91e2-00fee80330ff,[18] Octagram States - SD-SF Joy - Advanced Mechanics,2025-10-25 03:28 PM
9208d9ea-8f05-45ed-86dc-8d7ce8ac5b96,[18] Temple Wheels - Introduction - Advanced Framework,2025-10-25 03:28 PM
202c0cc4-99f9-4dec-a363-1690b020e918,[18] Temple Wheels - Soul Temple - Advanced Framework,2025-10-25 03:28 PM
8df799c4-989b-40ee-8f5a-63018ff4eeb8,[18] Cognitive Axis - Ti-Fe Fourth Axis - Advanced,2025-10-25 03:28 PM
5090ce79-89bc-46ee-9428-014f8ce42d8c,[20] David Bowie - Celebrity Typing - Practical Example,2025-10-26 06:40 PM
0ed2c68d-785b-4b34-a11e-3473d5655f62,[20] Jennifer Aniston - Celebrity Typing - Practical Example,2025-10-26 06:40 PM
5d6d7ff5-455c-4ecc-9395-346a1753d12f,[20] Adele - Celebrity Typing - Practical Example,2025-10-26 06:40 PM
36c818d1-18f6-4c02-b45e-ebd7ea76175d,[20] Jennifer Lopez - Celebrity Typing - Practical Example,2025-10-26 06:40 PM
e2857a89-991c-4dc7-8313-24f7ce8ab1cd,[20] Jesse Ventura Alexandria Ocasio-Cortez Donna Lupartdo and More - Celebrity Typing - Practical Example,2025-10-26 06:40 PM
f9314fcc-fdad-49a5-930e-428963c18789,[20] Michael Jackson - Celebrity Typing - Practical Example,2025-10-26 06:40 PM
583bd6bd-3c91-4102-9127-ae7711e81f64,[20] Frank James Rihanna Graham Stephan Placido Domingo and More - Celebrity Typing - Practical Example,2025-10-26 06:40 PM
a0f08692-9463-45a5-abf2-5a06a7b1a14a,[20] Eddie Vedder Emma Stone Arnold Schwarzenegger Mother Teresa Henry Kissinger and More - Celebrity Typing - Practical Example,2025-10-26 06:40 PM
ba5db65f-4a76-4c3b-9443-c2b71bca4bc2,[20] Nelson Mandela - Celebrity Typing - Practical Example,2025-10-26 06:41 PM
438c3656-78f3-462c-9377-e13f750f958f,[20] Royalty Shane Dawson Johnny Cash Larry David Rudy Giuliani and More - Celebrity Typing - Practical Example,2025-10-26 06:41 PM
c37c2517-11a1-4d0e-88e4-5503f16cf407,[20] Miley Cyrus - Celebrity Typing - Practical Example,2025-10-26 06:41 PM
499c1569-15fe-4a2c-b505-607a1904e375,[20] Mark Wahlberg - Celebrity Typing - Practical Example,2025-10-26 06:41 PM
7b74bde8-6ccf-4c4c-b243-18413032852e,[20] Andrew Yang Princess Diana Magnus Carlsen Johnny Depp Ozzy Ozbourne and More - Celebrity Typing - Practical Example,2025-10-26 06:41 PM
f018d876-9d99-4a19-a645-35464ef36cec,[20] Colonel Sanders - Celebrity Typing - Practical Example,2025-10-26 06:41 PM
32f3faca-3a39-493f-9fd0-cfd80ca6063c,[20] Post Malone Seth MacFarlane Bill Gates Steven Tyler and More - Celebrity Typing - Practical Example,2025-10-26 06:41 PM
2cb29966-0994-4a4b-a762-a4d3aba4639b,[20] Ma Anand Sheela Lil Wayne Dave Ramsey Chris Hemsworth Chris Evans and More - Celebrity Typing - Practical Example,2025-10-26 06:41 PM
e3898bb1-8345-4ecc-9281-33da08d8a855,[20] Martin Luther King Jr Brett Michaels Trent Reznor Harry Styles Cesar Millan and More - Celebrity Typing - Practical Example,2025-10-26 06:41 PM
b3672843-96de-46e5-8321-5f83507589c9,[20]  How to psycho analyze famous people,2025-10-26 06:41 PM
09b96adb-0282-4bd7-b390-8ad85c3421b7,[20] Tori Amos Kobe Bryant Edward Snowden Logic Kurt Vonnegut Nick Fuentes and More - Celebrity Typing - Practical Example,2025-10-26 06:41 PM
07bf2935-e73d-4501-8236-4e758add90f7,[20] Travis Scott Justin Bieber Jerry Seinfeld Dita Von Teese Diane Keaton and More - Celebrity Typing - Practical Example,2025-10-26 06:42 PM
4798f724-4afc-43d6-b894-871351834912,[20] Paris Hilton - Celebrity Typing - Practical Example,2025-10-26 06:42 PM
16759e73-e5f9-4f35-868e-4fd761d5718a,[20] Mark Derian Discussion - Celebrity Typing - Special Episode,2025-10-26 06:42 PM
07a868db-77bd-4b77-920f-323461ca3e20,[20] Tekashi 6ix9ine - Celebrity Typing - Practical Example,2025-10-26 06:42 PM
9060f6ca-37d2-47c0-832d-e43f55ab4167,[20] R Kelly Dave Superpowers OSHO Andrew Scott Bret Weinstein Alexia Demie and More - Celebrity Typing - Practical Example,2025-10-26 06:42 PM
cff92450-d0aa-4201-8b5a-4d4b6c8597dd,[20] Tom Brady Simon Cowell Michael Jordan Bill Nye Marilyn Monroe Celine Dion and More - Celebrity Typing - Practical Example,2025-10-26 06:42 PM
0b260d01-0a08-411c-a996-809355b8a2d1,[20] Jordan Peterson Rob Lowe 50 Cent Brad Pitt Axl Rose Donald Glover and More - Celebrity Typing - Practical Example,2025-10-26 06:42 PM
9d3afd41-beda-4471-a1ca-88482c0eae65,[20] Taylor Swift - Celebrity Typing - Practical Example,2025-10-26 06:42 PM
05971a03-fbf4-4ab5-b3e2-2cfbc49ee720,[20] Neil deGrasse Tyson - Celebrity Typing - Practical Example,2025-10-26 06:42 PM
ca5d92fa-e3a1-44ab-b7c1-c41be1cdfe58,[20] Kylie Minogue Kendrick Lamar Richard Feynman Yuval Noah Harari J Cole and More - Celebrity Typing - Practical Example,2025-10-26 06:42 PM
07c030f8-151c-42d9-97c0-3efcac3ef009,[20] Donna Tartt Alyssa Graham Hank Schyma Wes Anderson and More - Celebrity Typing - Practical Example,2025-10-26 06:42 PM
97049bcc-6bea-4af1-a89b-cdb1271377b7,[20] Kanye West - Celebrity Typing - Practical Example,2025-10-26 06:42 PM
160d2a12-c8dd-4ba1-b1d2-33c79bbd8e1d,S 20 - How To Type_ Alex Jones.pdf,2025-10-26 06:43 PM
792904ce-4766-440f-88d3-3a1e2b37dbb4,"S20_ How To Type_ Steven Wilson, Lloyd Evans, Mat .pdf",2025-10-26 06:43 PM
bc26b59e-29a0-4d1c-922d-1fac335d6184,S 20 - How To Type_ Ben Shapiro & Jordan Peterson.pdf,2025-10-26 06:43 PM
40dbf5cb-5931-4b89-8d37-51c55823552c,S20_ How to type...C418 | How to Type Famous Peopl.pdf,2025-10-26 06:43 PM
c162be0a-93e6-4e73-a935-a784c07f36c8,S 20 - How To Type_ Eminem.pdf,2025-10-26 06:43 PM
882f6f4f-04bc-4c32-baad-1a94788dae55,"S20_  How To Type_ PewDiePie, Alan Watts, Mariah C.pdf",2025-10-26 06:43 PM
ab61f24c-2bd7-4ab6-a475-5c8ac60a9ac8,Season 20 - How To Type_ Donald J Trump.pdf,2025-10-26 06:43 PM
06299c7d-dd46-4fdc-8069-8bb94e5168a0,"S 20 - How To Type_ Kurt Cobain, Brandon Boyd, Pam.pdf",2025-10-26 06:43 PM
1bf68220-6e66-4ea8-8828-b3b73b9196b8,S 20 - How To Type_ JK Rowling.pdf,2025-10-26 06:43 PM
5f4de4bc-b59e-4d4b-91ac-b7850f06a9a1,"S20_ How To Type_ Drake, Dua Lipa, Avicii, Bones, .pdf",2025-10-26 06:43 PM
2e81becf-6744-456e-ae4a-a274c638cdf6,S20_ How to type...The White Stripes | How to type.pdf,2025-10-26 06:43 PM
045cbde6-0112-4dc0-a388-5c49209c51fa,"S20_ How To Type_ Ariana Grande, Marilyn Manson, W.pdf",2025-10-26 06:43 PM
6902acd7-1ce3-4c14-9e47-576286a07734,"S 20 - How To Type_ Michio Kaku, Grimes, Leo Gura,.pdf",2025-10-26 06:43 PM
c271d3a4-f232-476a-a087-d62d04ebf251,S20_ How to type...The Mandalorian | This is the W.pdf,2025-10-26 06:44 PM
930e0b94-0cc9-4fa3-b1f4-d98938e5803f,S20_ How to type...Suze Orman | Acolyte Member Que.pdf,2025-10-26 06:44 PM
2a928a19-88d6-405a-8ff1-5aaec94ccfa7,S 20 - How To Type_ Oprah Winfrey.pdf,2025-10-26 06:44 PM
ef6cad76-acd7-4022-9619-30b689bee465,"S20_ How To Type - Your Choice_ Mila Kunis, Delila.pdf",2025-10-26 06:44 PM
315760b9-99f6-4206-81e2-d1fcce7d9c70,S 20 - How To Type_ Steve Irwin.pdf,2025-10-26 06:44 PM
67458909-75df-4584-b8d1-53f938fa46fd,S20_ How to Type...Logan Paul | How to type Famous.pdf,2025-10-26 06:44 PM
a66ef5f8-a8db-48ee-8f50-a16eeab2b65f,S 20 - How To Type_ Keanu Reeves.pdf,2025-10-26 06:44 PM
4122650f-2033-419b-bf8b-ac91da4a9e5b,S 20 - How to Type_ Dr. Phil & Gordon Ramsey.pdf,2025-10-26 06:44 PM
ac36a7bd-4071-4c76-90e2-d4f6b363d483,"S20_ How to Type - xxxTentacion, Adam Neely, Mr. R.pdf",2025-10-26 06:44 PM
5e723c5f-4411-4ea0-b02f-80a6be4d2d68,"S 20 - How To Type_ Aaliyah, Mark Zuckerberg, Eliz.pdf",2025-10-26 06:44 PM
b5e66586-31a0-44e9-af29-11845b4d8fe6,S20_ How to type...Thanos | Mistyping was inevitab.pdf,2025-10-26 06:44 PM
4bb7ee0a-b734-45cc-a6f2-dc2c217817b1,"S20_ How To Type_ Aubrey Plaza, John Lennon, Colio.pdf",2025-10-26 06:44 PM
3d25f846-16a6-45b1-a12c-62eaa8843561,"S20_ How To Type_ Tim Cook, Charles Ross, Mike Ein.pdf",2025-10-26 06:44 PM
100325b0-a19a-4367-a8bb-6e2288c88b1c,"S 20 - How To Type_ Jack White, David Mitchell, Br.pdf",2025-10-26 06:44 PM
92eb3fe9-9721-45db-8e59-a0c5e4ee387c,S 20 - How To Type_ Dwayne .pdf,2025-10-26 06:45 PM
416321c6-4d2e-4872-854e-00a9d9ac5689,"S20_ How To Type_ Pamela Anderson, Mick Jagger, Ta.pdf",2025-10-26 06:45 PM
561f38ac-1438-4581-9980-161fff65ba04,S 20 - How To Type_ Elon Musk.pdf,2025-10-26 06:45 PM
5febe374-f2a6-4001-b78b-d7e771861ce5,"S 20 -How To Type_ Gwynne Shotwell, Billie Eilish,.pdf",2025-10-26 06:45 PM
c9b752ff-12bc-420c-a1fa-e3bc839026dc,S20_ Typing The Bachelorette_ Hannah B and her men.pdf,2025-10-26 06:45 PM
da9a8e9b-9eb9-4fa5-80c9-13e59448b346,S 2 - How To Type_ John Cleese.pdf,2025-10-26 06:45 PM
926cc3b5-6e32-4f5a-a09a-17ee28d57458,S20: How To Type - Donald J Trump,2025-10-29 02:10 PM
21822cf4-9c50-46a6-8de2-459f17502cd7,S20:  How to Type - Analyzing Jennifer Aniston's Mind,2025-10-29 02:15 PM
215ef904-abc3-4acd-9627-baf4ef575bd2,R.F.C. Hull Revision of the Original translation by H.G. Baynes (1).pdf,2025-11-01 11:03 PM
5c5527f1-2ddb-4699-8c3a-e9cdda42bf5c,Introduction to Type A Guide to Understanding Your Results on the MBTI Instrument (Isabel Briggs Myers) (Z-Library).pdf,2025-11-01 11:16 PM
72da10ce-fbb2-4f6f-8fe3-13041163c91e,"Understand Yourself and Others | An Introduction to the Personality Type Code By Linda Berens, Dario Nardi.pdf",2025-11-01 11:18 PM
87d7d12a-a9ca-4baf-a922-ae55bdbd4ed2,"Plato The Republic | Cambridge, Tom Griffith.pdf",2025-11-01 11:19 PM
df3ea5f1-7611-45e7-9e0c-99424bb85a0b,Teaching Tales for the 16 Personality Types By Dario Nardi.pdf,2025-11-01 11:22 PM
a35588db-a2c5-4d90-8873-20e146e0d26b,The Magic Diamond | Jungs 8 Paths for Self Coaching By Dario Nardi.pdf,2025-11-01 11:34 PM
f4faa117-2f0c-4a0f-9874-26991093e11b,Neuroscience of Personality | Brain Savvy Insights for All Types of People By Dario Nardi.pdf,2025-11-01 11:36 PM
4799ce93-68b0-46ae-9082-7c69397c0d63,Neuroscience of Personality | Brain Savvy Insights for All Types of People By Dario Nardi.pdf,2025-11-01 11:54 PM
f7d2a832-7f1b-4b63-b22a-2e21bd6e1c6b,The Magic Diamond | Jungs 8 Paths for Self Coaching By Dario Nardi.pdf,2025-11-02 12:05 AM
60dadd85-25cd-4131-937d-86553314a4a6,Neuroscience of Personality | Brain Savvy Insights for All Types of People By Dario Nardi.pdf,2025-11-02 12:13 AM
9aca612d-0f2b-4cf4-98bd-c53b9c081c1d,Neuroscience of Personality | Brain Savvy Insights for All Types of People By Dario Nardi.pdf,2025-11-02 12:58 AM
07f14c1f-a0af-4e69-a80f-9def88ea2684,Season: ENFP Octagram,2025-11-03 09:29 AM
1e948e19-bb3a-4855-a385-b31f36aa2400,Season 32: ENFJ Octagram,2025-11-03 09:29 AM
83e56c0d-76b1-4a97-a8d7-cbd3bc56c0e7,Season 32: ESTJ Octagram ,2025-11-03 09:29 AM
bcf1f27d-cc7c-4020-958b-fd0778be1ea9,Season 32: ESFJ Octagram,2025-11-03 09:29 AM
b4251c5e-c13d-496e-9852-855a50a2b228,Season 32: ESFP Octagram,2025-11-03 09:29 AM
7645a6e4-afdc-4044-b8e5-8094d2fc52e8,Season 32: ENTJ Octagram,2025-11-03 09:31 AM
d87ace10-9e4f-42ff-9c17-b0dc03d89d9f,Season 32: INFP Octagram ,2025-11-03 09:31 AM
984f8027-acbc-4cbd-b068-c2b3d87ab65f,Season 32: ISTP Octagram ,2025-11-03 09:31 AM
e1fba2ab-371d-4ded-843a-7b0bf55e8610,Season 32: ISFP Octagram,2025-11-03 09:31 AM
221c9205-4b63-4d11-bdea-c1c9ed3ecc76,Season 32: INFJ Octagram,2025-11-03 09:31 AM
cb22a08d-0080-4f3a-b08f-92ddf0138016,Season 32: ISTJ Octagram,2025-11-03 09:31 AM
6502c4fc-dbfe-4cf9-9eb3-8bc66dce07c0,Season 32: INTP Octagram,2025-11-03 09:31 AM
e4ab8858-97c5-41ee-bf98-6fe15a6409b7,Season 32: ISFJ Octagram ,2025-11-03 09:31 AM
16cdcafe-0920-4337-9475-7059fcf1aa93,Season 32: ENTP Octagram,2025-11-03 09:32 AM
7434bd70-666a-41db-b626-9cca40281051,Season 32: ESTP Octagram,2025-11-03 09:32 AM
2f8e17cb-bfa6-4c00-b025-2e35486eb9a1,Season 32: INTJ Octagram,2025-11-03 09:32 AM
394f7e18-639d-4b95-b497-16eac4257df4,12.1 What Are The Three Relationship Styles_ Socia.pdf,2025-11-04 11:18 AM
9bdda3e8-aa75-4420-96a4-f02dc762674d,12.2.Optimizing ISFP Social Skills | CS Joseph .pdf,2025-11-04 11:34 AM
ba031679-2e3c-4a4b-889e-a609f0f16c8e,How To Social Engineer Using Type _ Social Enginee.pdf,2025-11-05 04:41 PM
21af1bfc-c4ff-4a12-9f9d-c146ba0944d4,How To Social Engineer Using Type _ Social Enginee.pdf,2025-11-05 04:48 PM
4617c455-eb4b-4647-85e2-42841b8b8ba1,How To Social Engineer Using Type _ Social Enginee.pdf,2025-11-05 04:54 PM
